Duration,T_start,T_end,Fill,e_ratio
1086.0,300,275,0.032,0
2171.55266,300,250,0.098,0
3257.32899,300,225,0.257,0
4343.0,300,200,0.481,0
5429.0,300,175,0.667,0
6514.65798,300,150,0.77,0
7600.0,300,125,0.824,0
8686.0,300,100,0.867,0
9772.0,300,75,0.898,0
10858.0,300,50,0.926,0
11944.0,300,25,0.951,0
