param_0,param_1,param_2,param_3,param_4,param_5,param_6,mse
0.0004930038627755396,1.8718420844905863,1.1129919914188486,68576121167279.78,7750706731536.197,6804765155.324738,255.54841432508402,0.002134499999999999
