param_0,param_1,mse
0.0002923965956174582,1.7141275062225758,0.007821810897997824
